GEOID_12,med_hou_inc,med_inc_q,below_pov,bach_degre,grad_degre,asian,black,hispanic,white,home_age,loss_n,gain_n,change_5_200,suhi_2013,suhi_2022,suhi_change,tree_area_13_n,tree_area_22_n
42101011000,14983,1,0.531928901,0.04662644,0.010970927,0.5,85.7,3.9,8.5,78,0.047631284,0.066399181,0.018767898,6.947510603,7.819929995,0.872419394,0.113445896,0.130937914
42101016800,15267,1,0.47516679,0.032839963,0.024514339,0.4,79.3,4.4,16.2,83,0.063333562,0.065109775,0.001776205,7.515060332,6.625469671,-0.889590662,0.133680269,0.131713135
42101024100,16042,1,0.470588235,0.106603023,0.079554495,0,71.8,2.7,16.5,83,0.070422358,0.078357608,0.007935243,8.425334147,6.465816587,-1.959517559,0.195949737,0.206672175
42101020000,17531,1,0.62519084,0.052004334,0.010834236,14.2,54.3,20.5,5.8,83,0.044914081,0.031286648,-0.013627443,8.710280047,8.240479841,-0.469800202,0.090045966,0.073927527
42101014700,18041,1,0.615704388,0.188571429,0.022857143,8.5,38.6,9.4,39.5,49,0.046247539,0.061215608,0.014968078,7.510979054,8.670675928,1.159696876,0.093588281,0.108186744
42101024500,19589,1,0.488438555,0.182201603,0.029523408,0.9,93.1,1.4,4.4,75,0.086817658,0.079093265,-0.007724392,6.184880728,6.168981614,-0.015899118,0.264998407,0.258232748
42101018801,20010,1,0.574141519,0.021238938,0,0,5.2,76.3,21.7,83,0.033045502,0.039485239,0.006439743,10.77196721,9.304476121,-1.467491083,0.067232276,0.072374066
42101028200,20674,1,0.2837345,0.196053469,0.060789306,3.5,89.8,4.4,4.3,72,0.042449151,0.04359399,0.001144839,8.866792364,9.179501536,0.312709172,0.127453902,0.125141674
42101016400,20915,1,0.448003943,0.03410596,0.011589404,3.4,29.1,67,7.2,83,0.050423266,0.04987217,-0.000551108,8.11241814,6.007624973,-2.104793164,0.106499858,0.102403709
42101008802,21064,1,0.699014171,0.242999097,0.393857272,25.5,18.6,13,46.9,83,0.051214832,0.076804534,0.025589687,6.278858411,8.546694963,2.26783655,0.12220825,0.14997947
42101014100,21081,1,0.370853081,0.140491453,0.094551282,14.3,50.7,7.5,26.3,35,0.043807397,0.04577526,0.001967855,8.160950875,7.308381399,-0.852569471,0.081306377,0.081255392
42101017300,21210,1,0.363595707,0.127463863,0.051905388,0,74.2,18.7,7.9,72,0.029831068,0.047239389,0.017408324,8.519536355,6.75221235,-1.767324007,0.057646822,0.067599531
42101037700,22244,1,0.413308341,0.092726263,0.006662965,5.6,38.6,15.1,39.7,29,0.062485228,0.049455947,-0.013029286,7.190413273,7.360965221,0.170551946,0.119185883,0.103907834
42101029400,22649,1,0.540880503,0.012435233,0.006217617,2,43.7,43.5,22.2,83,0.041992818,0.037443804,-0.004549019,8.437124763,9.112022437,0.674897676,0.088577904,0.084006333
42101016902,22880,1,0.375131718,0.060995851,0.034854772,0,92.4,1.1,0,83,0.071378845,0.054890658,-0.01648819,8.375874964,7.77773981,-0.598135154,0.106579007,0.08835252
42101019501,23031,1,0.485094205,0.067730496,0.004255319,0,3.6,88.5,19.8,83,0.029080102,0.031792345,0.002712241,9.536052759,6.859677322,-2.676375435,0.04703882,0.048434518
42101019200,23239,1,0.487186091,0.013789824,0.009510223,5.3,22.4,69.2,11.6,83,0.034497054,0.026118589,-0.008378464,11.27734286,8.906758711,-2.370584143,0.050179877,0.041020694
42101030100,23897,1,0.388501163,0.145693721,0.078927774,6.2,39.9,37,17.7,83,0.070690973,0.061619133,-0.009071859,5.933620389,1.454199853,-4.479420536,0.218781381,0.209305222
42101015102,23924,1,0.35434489,0.024915825,0.038047138,0.6,93.6,2.6,1.1,83,0.075664882,0.068986251,-0.006678628,7.55481353,8.628806673,1.073993141,0.137683172,0.127833205
42101028400,24872,1,0.452576112,0.057569296,0.028997868,13.3,74.7,9.6,9.4,79,0.024683437,0.0467295,0.02204606,7.932384264,6.779435751,-1.152948511,0.073597733,0.088273195
42101010600,25000,1,0.459656085,0.059753954,0.009666081,4.1,81.2,5.3,7.7,67,0.047843643,0.071396196,0.023552546,7.413395115,9.317199331,1.903804217,0.118907296,0.138987492
42101019900,25810,1,0.488983653,0.033227289,0.014846235,0,51.8,53.9,5.6,83,0.031094782,0.036893552,0.005798764,9.105367754,7.736494415,-1.368873339,0.061399471,0.061670191
42101017201,25865,1,0.292376318,0.051569507,0.073542601,0.9,92.7,3.7,0.5,80,0.05909276,0.040532844,-0.018559921,9.688159436,6.554009978,-3.13414946,0.080328845,0.060557979
42101016500,26172,1,0.424991534,0.118755891,0.018378888,1.5,87.8,11.3,5.5,83,0.077835664,0.052550526,-0.025285148,7.511781577,5.54081034,-1.970971235,0.168588478,0.14481654
42101020101,26256,1,0.4480563,0.094600081,0.073893626,3.3,91.8,5.3,1.7,83,0.059791804,0.06053515,0.000743346,7.621214837,5.795789372,-1.825425466,0.139454931,0.139014918
42101009400,26338,1,0.398364815,0.042450941,0.020024029,0,92.4,1,1.1,80,0.035600052,0.058981116,0.023381062,8.63344377,10.65035602,2.016912246,0.073702686,0.091676851
42101017601,27088,1,0.496261047,0.038910506,0.005305978,0,9.9,85.7,26.5,83,0.03280304,0.030860652,-0.001942386,9.087842044,8.304705167,-0.783136879,0.045835404,0.041532213
42101017100,27112,1,0.268916155,0.063981935,0.021076402,0.8,90.3,9.2,2,83,0.036857707,0.053214941,0.016357237,9.263802563,7.425465958,-1.838336607,0.109230115,0.117875114
42101009100,27266,1,0.473916238,0.223392461,0.234478936,25.4,30.9,6.8,33.3,68,0.057127562,0.061734921,0.004607362,7.345869214,8.495392537,1.149523323,0.12555252,0.135408603
42101016901,27479,1,0.30764774,0.081110705,0.010595543,1.2,90.8,4,3,83,0.061890952,0.052033106,-0.009857849,8.499300114,8.023143851,-0.476156262,0.111666062,0.098922919
42101025200,27675,1,0.342530283,0.139508507,0.062381853,0.4,87.2,5.8,9,83,0.072159599,0.081830947,0.009671347,5.920358864,6.253733999,0.333375136,0.202170621,0.210186235
42101019700,27979,1,0.508997027,0.037180106,0.021970063,3.7,15.7,79.9,14.5,83,0.032831033,0.030279759,-0.002551279,9.648115358,7.739738544,-1.908376812,0.060976785,0.057490248
42101015300,28037,1,0.48733536,0.053228621,0.079406632,9.4,41.6,6.8,43,72,0.042124787,0.04616423,0.004039439,8.341156641,6.521092221,-1.820064423,0.082918154,0.085876625
42101019502,28205,1,0.504938989,0.052421368,0.021467798,0.8,3.9,92,19.5,83,0.034415217,0.02442966,-0.009985556,8.853595862,5.311896998,-3.541698862,0.053656508,0.043818827
42101011200,28393,1,0.502317819,0.056420233,0.036640726,0,95.4,2.1,0.9,83,0.047860318,0.066331274,0.018470953,9.724305707,8.571093494,-1.153212215,0.116013911,0.130608331
42101017702,28750,1,0.580532213,0.060097051,0.008212019,2.5,12.2,79,17.6,83,0.039816957,0.030698264,-0.009118696,9.195511254,8.3186382,-0.876873055,0.054829564,0.045240301
42101024900,28855,1,0.395632087,0.090470446,0.015078408,0,93.4,0,2.3,79,0.053816519,0.058354155,0.004537635,9.756855934,6.813563072,-2.943292862,0.11937037,0.119865074
42101010800,29142,1,0.383476228,0.179507866,0.062525212,4,74.6,3.9,8.6,83,0.061922681,0.062868293,0.000945613,6.287954462,8.754142978,2.466188512,0.133186608,0.131762385
42101010200,29375,1,0.341304348,0.078283945,0.121185316,0,94.9,6.2,4.6,83,0.031318211,0.063399132,0.032080931,9.168316597,10.01745085,0.849134253,0.091359678,0.120013819
42101014900,29458,1,0.504788306,0.09102091,0.119721197,0.9,78.7,10.1,4.7,83,0.086737785,0.04905078,-0.037687006,7.843816673,9.17463117,1.330814498,0.121742957,0.081019151
42101036902,29464,1,0.565836299,0.357575758,0.367272727,23.1,13.9,5.7,54.4,14,0.022498997,0.068478621,0.045979614,8.081542534,8.857020385,0.775477853,0.066987731,0.114346532
42101017500,30149,1,0.393277058,0.014998973,0.005753031,0,26.5,70.7,22.6,83,0.045577521,0.043561847,-0.002015685,8.516774476,6.882905901,-1.633868575,0.092084819,0.085035408
42101039002,30573,1,0.265167487,0.178958785,0.075560376,0,97.7,2.5,0.5,71,0.047807773,0.086093536,0.038285756,8.844825624,7.664025166,2.407243409,0.057156187,0.052807645
42101008302,30922,1,0.343699977,0.047417993,0.051315362,4.7,91.4,3.1,2.3,76,0.041111891,0.039806489,-0.001305403,8.693966901,11.25251977,2.558552862,0.074677397,0.070587842
42101010900,31341,1,0.422393822,0.149721448,0.082172702,3.5,77.9,2.2,15.8,57,0.039103224,0.059059725,0.019956503,7.08012819,8.993514123,1.913385932,0.077338534,0.09697754
42101008602,31342,1,0.236180905,0.199911151,0.156374944,8.6,60.5,3.1,27.2,70,0.022678182,0.043499336,0.020821157,8.179386427,9.611778776,1.432392349,0.047736156,0.066527139
42101028901,31434,1,0.283916849,0.039161392,0.030063291,8.3,10.6,78.3,25.3,81,0.046540771,0.038019029,-0.008521739,7.884080852,5.731905654,-2.152175197,0.093407259,0.085258922
42101016702,31618,1,0.354111406,0.065287654,0.01874596,0.3,91.5,0.7,7,83,0.069991822,0.048966119,-0.021025704,9.037647613,7.508180802,-1.529466809,0.121273973,0.100825298
42101017800,32009,1,0.428130111,0.126839168,0.0456621,0,32.6,41,22.1,83,0.040483634,0.043138864,0.002655228,8.489420511,8.754831099,0.265410589,0.065348111,0.065371865
42101013100,32083,1,0.308405439,0.334979424,0.187654321,5.3,57.6,6.7,33.5,66,0.04616598,0.07399854,0.027832558,8.657845346,4.629552293,-4.02829305,0.106008047,0.134643335
42101008200,32333,1,0.274311927,0.138613861,0.068564356,0,93.1,7.2,6,83,0.039016326,0.062675388,0.023659057,8.245961388,10.21587117,1.969909784,0.188969038,0.210558402
42101006300,32347,1,0.39471243,0.056179775,0.026768011,6.2,82.3,7.4,4.1,73,0.04290683,0.051118177,0.008211345,7.016427091,9.038734077,2.022306987,0.121272721,0.129755622
42101028700,32609,1,0.590581247,0.022894522,0.007358953,3.2,17.5,77.5,18.8,83,0.031750259,0.036950044,0.005199777,9.080149457,6.312319805,-2.767829649,0.069995638,0.07603153
42101029100,32746,1,0.499008592,0.120170455,0.017045455,20.7,38.2,34.3,10.1,69,0.032990111,0.045090417,0.012100302,9.020988912,5.920854826,-3.100134089,0.174643315,0.188869174
42101006600,32946,1,0.466028708,0.056872038,0,8,84.5,1.3,4.4,83,0.042149065,0.048901515,0.006752443,7.23461133,9.192663071,1.95805174,0.094403698,0.100324443
42101017400,32948,1,0.25318122,0.052631579,0.007357102,0.5,85,8.1,3.1,83,0.062356606,0.048196978,-0.014159637,7.905205274,7.214496284,-0.690708991,0.119596185,0.097807498
42101024200,33172,1,0.296018032,0.212153901,0.087378641,1.4,74.7,3.2,17.8,81,0.095124463,0.092435009,-0.002689443,7.027444812,6.184898374,-0.842546438,0.248637272,0.249287684
42101030000,33205,1,0.461261521,0.092147956,0.067056024,0.3,57.7,28.5,23.8,83,0.042576825,0.047033453,0.004456627,7.918937173,6.925507598,-0.993429573,0.106023002,0.107599962
42101028300,33307,1,0.45530303,0.039181863,0.057417447,3.1,78.7,13.7,9.8,83,0.050431115,0.050013551,-0.00041757,7.994190553,7.064777343,-0.929413208,0.113051508,0.110457244
42101010300,33420,1,0.275055188,0.033516149,0.013406459,0,97.9,0.8,1.7,79,0.047585894,0.060233426,0.012647524,9.006604644,9.859712465,0.853107821,0.105381308,0.114510193
42101009300,33509,1,0.275648128,0.086606867,0.055366533,4.9,87.7,2.4,4.5,83,0.050440202,0.061075933,0.010635731,8.676210358,10.471161,1.794950644,0.11712799,0.126463417
42101014500,33550,1,0.377015081,0.092192691,0.059800664,3.6,69.5,15.4,9.1,41,0.033756334,0.063648502,0.029892167,6.962395691,7.364193691,0.401797997,0.083757958,0.109828228
42101017602,33750,1,0.585620915,0.013919095,0,7.5,19.5,72.5,5.1,83,0.061313448,0.03422129,-0.02709217,8.582101826,7.411299488,-1.170802334,0.074357691,0.03740437
42101010400,33804,1,0.540205562,0.082819723,0.035053929,0,81.1,2.8,4.2,70,0.04272911,0.080845901,0.038116801,7.72972538,8.368080183,0.638354806,0.137480973,0.170704589
42101029900,33852,1,0.378447873,0.032882012,0.011605416,2.3,53.4,41.7,9.9,83,0.031963386,0.045065109,0.013101724,5.847716262,5.73971501,-0.108001255,0.082549101,0.093899236
42101027700,33944,1,0.282392027,0.089678079,0.021461421,1.9,91.7,0.4,2.4,78,0.052388131,0.046328163,-0.006059972,9.401180523,7.341880231,-2.059300292,0.135819233,0.124655143
42101024600,34091,1,0.292186201,0.09328151,0.087729039,0,82,2.2,13.7,83,0.072041651,0.079713805,0.007672151,7.518927621,6.106747624,-1.412179997,0.225575859,0.233946905
42101028000,34143,1,0.260270603,0.086956522,0.033143264,0,96.4,3.7,1.1,81,0.05190876,0.044674585,-0.007234177,7.384471399,6.750639447,-0.633831952,0.124508648,0.112150805
42101007102,34291,1,0.296710987,0.063299033,0.076395385,0,93.1,3.7,3.2,83,0.032944949,0.042171603,0.009226652,8.41926965,10.00275584,1.583486187,0.067847848,0.074466973
42101005600,34523,1,0.250221043,0.073988439,0.093641618,0.6,87.3,4.2,4.4,51,0.029103584,0.092695701,0.063592113,6.36896525,7.626830701,1.257865451,0.242808132,0.303251558
42101020200,34576,1,0.363241309,0.101619207,0.018146287,0,80.8,3.9,6,83,0.060984726,0.070510999,0.009526271,8.159903943,5.792562548,-2.367341393,0.143323563,0.150555288
42101009500,34652,1,0.366440933,0.116267211,0.009688934,0,99.1,0,0.9,81,0.043117476,0.04204007,-0.00107742,9.184770193,10.78244455,1.597674355,,
42101032300,34667,1,0.244103438,0.057983557,0.0263955,3,30,33.6,37.3,65,0.027375905,0.039088837,0.011712919,6.639060373,8.759646002,2.120585625,0.061317383,0.064782106
42101016200,34677,1,0.219892953,0.212080537,0.044966443,8.3,12,72.9,15.4,83,0.047767538,0.060576189,0.012808644,6.999267074,5.993321593,-1.005945481,0.108109026,0.121114028
42101008702,36071,1,0.342448464,0.358719647,0.457505519,18.9,14.1,8,56.5,83,0.050417107,0.075249218,0.024832119,6.35560078,8.320220835,1.964620054,0.154367199,0.180772951
42101008801,36574,1,0.421602787,0.448275862,0.491954023,26.4,12.1,20,37.7,6,0.030222913,0.069493637,0.039270721,7.740522436,9.362899111,1.622376671,0.107245813,0.14625279
42101017701,36694,1,0.532923077,0.092409241,0.020744932,0.6,21.4,74,15.1,83,0.044201902,0.040192871,-0.004009038,9.446420594,9.56854171,0.122121119,0.073701986,0.071436995
42101031700,36758,1,0.231525157,0.093097913,0.024612092,9.7,10.9,39.4,35.3,67,0.016501165,0.026424181,0.009923018,7.328159586,8.853736593,1.525577006,0.05749089,0.063149306
42101038100,36776,1,0.260613208,0.110315186,0.012893983,1.2,15.8,22.6,55,83,0.017359743,0.021936713,0.004576969,6.850340634,8.599047626,1.748706993,0.032646792,0.032407679
42101029800,37188,1,0.324370104,0.055113288,0.029699939,4.2,46.4,37.6,27,74,0.026856666,0.036219064,0.009362393,7.795594158,9.286568912,1.490974754,0.080482543,0.084148035
42101019800,37574,1,0.27628692,0.050051867,0.017894191,5.1,24.6,67.5,11.4,83,0.039794817,0.03116152,-0.008633301,9.340616876,7.228687832,-2.111929044,0.073468697,0.06106895
42101009000,37674,1,0.54065193,0.311009174,0.249541284,18.3,15.9,4.3,60.2,53,0.045142008,0.088767177,0.04362516,6.6349706,7.803537763,1.168567162,0.121069274,0.162977397
42101010500,37708,1,0.421485261,0.100585601,0.063038236,3.1,88.7,4.7,5.1,59,0.044314701,0.069393828,0.025079129,7.370997164,8.181970466,0.810973299,0.097382221,0.11744501
42101027901,37813,1,0.206,0.096254531,0.098670963,0,95.3,2.3,1.3,83,0.041920408,0.056390222,0.014469819,7.570575873,7.365063313,-0.205512562,0.140956206,0.151191649
42101027800,37820,1,0.217135863,0.069907736,0.051809794,0.1,95.6,1.1,2.7,81,0.034879147,0.043506502,0.008627353,8.286511034,8.773783405,0.487272371,0.128702121,0.135127498
42101010700,37917,1,0.320793839,0.099161322,0.030587074,0,82.8,2.4,8,83,0.061385969,0.060652739,-0.000733234,7.375062093,8.704025757,1.328963664,0.119582331,0.117784141
42101006400,38032,1,0.32137931,0.131193024,0.019817677,2,74.2,7.8,5.3,83,0.050981168,0.062127485,0.011146332,5.802288656,7.475616359,1.673327703,0.188165704,0.203732605
42101007000,38158,1,0.120803357,0.071273359,0.037375054,0,87.6,4.5,1.4,83,0.033662985,0.042253012,0.008590025,8.426485448,10.49654833,2.070062878,0.064538448,0.071687
42101016300,38660,1,0.427282194,0.073765616,0,0.1,9.5,83.7,17,83,0.031012808,0.03706393,0.006051115,8.151320831,7.867292112,-0.284028715,0.059249662,0.063460288
42101008301,38713,1,0.258811152,0.125311721,0.015586035,0,87.8,7.2,3.4,80,0.03903465,0.074691742,0.035657089,7.901009641,9.812402058,1.911392416,0.195274531,0.232784177
42101028902,38759,1,0.36232125,0.13824254,0.018888585,11.2,36.1,48.6,21.3,77,0.0422502,0.078302913,0.036052706,8.230909467,4.847342622,-3.38356684,0.242183234,0.280992528
42101011300,38858,1,0.324878049,0.135009311,0.094972067,0,96.2,0.6,2.2,83,0.042473725,0.05110139,0.00862766,8.936178188,8.931319827,-0.004858361,0.101346658,0.107307859
42101016701,38973,1,0.309235669,0.092201835,0.004587156,0,93.6,0.9,4,83,0.108447256,0.054155748,-0.054291507,8.636014212,7.313996878,-1.322017336,0.152904136,0.09482977
42101020102,39288,1,0.236007463,0.142168675,0.024899598,1,94,8.6,2.9,83,0.05074228,0.044924941,-0.005817325,9.717142991,5.775973667,-3.94116932,0.108977419,0.103805538
42101007400,39547,1,0.305041628,0.099612812,0.063357973,3.8,66.9,0.9,9.2,83,0.039740044,0.069742133,0.030002089,8.086167565,9.289977832,1.203810268,0.088700204,0.118216572
42101014600,39583,1,0.267063492,0.099868594,0.065703022,14.8,40.5,4,37.3,56,0.030694547,0.036902288,0.006207735,7.856374545,8.633426897,0.777052351,0.068735689,0.072174575
42101012201,39608,2,0.240785256,0.36214539,0.180851064,12.4,45.6,11.8,24.4,47,0.050738763,0.086060635,0.035321874,7.268204327,5.945592833,-1.322611491,0.250170534,0.289823775
42101038900,39629,2,0.279403489,0.101926164,0.084670947,0,54,37,7.6,75,0.015802039,0.026587239,0.010785191,6.844179687,5.290129008,-3.441515969,0.306301914,0.326445458
42101026600,39788,2,0.17976408,0.123194562,0.043118097,0,93.8,0,0.8,83,0.044132398,0.034843417,-0.00928898,7.404740033,8.961102281,1.556362251,0.126772734,0.114509446
42101029000,39878,2,0.318299339,0.169837914,0.013624618,24,24.1,47.8,12.6,78,0.043292882,0.066488906,0.023196025,7.516420806,4.671814722,-2.844606084,0.20079307,0.227185685
42101007101,40046,2,0.356775978,0.01421508,0.022867738,1.5,91.9,0,6.6,83,0.034783036,0.054077055,0.019294021,8.612300548,10.3433117,1.731011146,0.091039587,0.109990426
42101028800,40137,2,0.458087616,0.034621329,0.078516229,9.8,22.1,63.5,17.3,83,0.032149357,0.036503867,0.004354516,9.256473344,6.128561868,-3.12791148,0.072739492,0.077846323
42101003600,40271,2,0.250882308,0.103965942,0.049518261,17.8,60.7,3.6,17.3,68,0.012884313,0.052052247,0.039167929,7.128381811,9.513751014,2.385369205,0.051424061,0.086628145
42101011400,40497,2,0.344373866,0.11363126,0.141702223,0.1,94.1,1,4.5,83,0.061144071,0.062051282,0.000907206,8.68759945,7.668673998,-1.01892545,0.176051827,0.173327616
42101027300,40618,2,0.279477612,0.088833067,0.033797671,23.1,49.4,11.2,11.6,75,0.026841542,0.052904228,0.026062689,8.151764141,5.793418147,-2.358345994,0.129247126,0.156082048
42101024700,40714,2,0.305578918,0.092916667,0.129583333,0.2,91.9,1.9,6,83,0.072646479,0.08548341,0.012836931,7.150889777,6.05578381,-1.095105966,0.254147966,0.264513407
42101038200,40837,2,0.345166163,0.078007046,0.033215903,0,5.9,33.7,61.3,83,0.02089064,0.027917733,0.007027093,9.425307286,9.579407184,0.154099898,0.055767111,0.059957673
42101020300,41020,2,0.182145428,0.040941176,0.021176471,1.6,87.4,6.2,3.4,83,0.049129258,0.043368457,-0.005760795,8.596457874,6.248243983,-2.348213895,0.110821393,0.103209481
42101013900,41042,2,0.219114219,0.179523142,0.164796634,0.3,51.6,21.1,40.9,39,0.05892111,0.062405465,0.003484358,6.248292022,8.058981929,1.810689909,0.114645836,0.115460996
42101007200,41226,2,0.251901141,0.114893617,0.052224371,2.3,81.4,6.8,2.2,83,0.039128051,0.05759562,0.018467571,8.279490703,10.25160799,1.972117289,0.088152373,0.101797134
42101006100,41325,2,0.233028223,0.099526066,0.030542391,9.2,83.6,0,6.3,62,0.026488955,0.056843763,0.030354824,6.976496462,8.840113961,1.863617498,0.099973901,0.126504876
42101006700,41581,2,0.272197962,0.050479084,0.050011685,7.6,85.1,1.4,2,81,0.021647629,0.072907915,0.051260283,7.405769646,8.897449415,1.49167977,0.131174458,0.175675958
42101011800,41649,2,0.386715196,0.14645146,0.14217897,1.6,95.6,0.3,0.5,81,0.040082064,0.048783337,0.008701272,7.911197379,7.869839814,-0.041357566,0.109836488,0.113229301
42101013200,41898,2,0.256941567,0.268135904,0.163452709,6.9,51,14.3,30.9,31,0.029752717,0.059884675,0.030131945,8.007543448,5.703039155,-2.304504294,0.063694916,0.090367325
42101006500,43081,2,0.201202843,0.068872643,0.093497499,0,92,6.6,2.6,83,0.052268888,0.102069743,0.049800841,6.947683759,8.813420225,1.865736463,0.259890038,0.321740573
42101027902,43205,2,0.295021962,0.059934853,0.071009772,3.7,59,10,29.3,73,0.051955051,0.06591549,0.013960438,6.943518644,7.40720999,0.463691348,0.323786484,0.342145003
42101020400,43306,2,0.40509915,0.035278746,0.041376307,0,89.7,5.7,1.2,83,0.044391193,0.046378546,0.001987355,7.969661494,6.009479697,-1.960181795,0.120529431,0.122657756
42101024800,43347,2,0.320976492,0.120939876,0.028334485,0,93.5,0,1.9,83,0.063666926,0.066355686,0.002688764,7.295610095,6.206303665,-1.089306428,0.158458843,0.158058214
42101030501,43673,2,0.332425639,0.092170466,0.053848695,4.3,52.4,37,7.9,74,0.028304446,0.031465752,0.003161312,8.825455619,4.749272905,-4.076182707,0.077449858,0.077687327
42101015600,43750,2,0.448184818,0.134122288,0.09270217,0.5,26.1,54.9,34.3,83,0.049800272,0.035269994,-0.014530287,7.122253718,9.023433923,1.901180205,0.068997625,0.052038626
42101009200,43839,2,0.316178645,0.209729234,0.169343736,18.7,53.1,4.1,20.2,68,0.044653517,0.063839309,0.019185786,7.008225301,8.889606103,1.881380805,0.118381692,0.13559001
42101034501,44094,2,0.129481617,0.185544171,0.193575187,19.5,14.2,9.5,53.6,44,0.057804806,0.055193718,-0.002611087,7.478972407,8.008513908,0.5295415,0.164375024,0.156421919
42101010100,44144,2,0.203552398,0.084982014,0.052832734,0,96.2,0.4,1.6,83,0.050114222,0.052532604,0.002418381,10.51012721,10.25399262,-0.256134589,0.101800891,0.10094942
42101031502,44593,2,0.185250219,0.153846154,0.062827225,31.5,6.2,17.4,43.4,69,0.016470779,0.026791078,0.010320303,7.160312192,8.275398116,1.115085924,0.035586575,0.043117119
42101027600,44802,2,0.150193798,0.073775989,0.107645875,3.6,80.8,12.6,1.6,79,0.05232158,0.040254023,-0.01206756,7.894613151,8.273798777,0.379185627,0.138073203,0.124807582
42101000901,44926,2,0.251518219,0.419988446,0.411322935,13.7,18.7,4.2,62.3,83,0.03391512,0.026525828,-0.007389311,7.759824528,8.645197875,0.885373346,0.043877521,0.038173403
42101008500,45397,2,0.248831776,0.150099184,0.05664536,1.8,83.4,1.2,10.1,83,0.034679649,0.045884072,0.01120442,9.178582472,11.03669786,1.858115386,0.077976884,0.084818053
42101006200,45502,2,0.317417783,0.101293103,0.003591954,6.8,87.9,0.9,4.8,79,0.022549497,0.028255141,0.005705645,7.547189881,9.967777111,2.42058723,0.045790478,0.05074668
42101011100,45519,2,0.233586926,0.115542763,0.029194079,0,95,1.3,2,81,0.0317188,0.049283531,0.017564728,8.138527055,7.847716616,-0.290810438,0.077906451,0.090502746
42101018802,45570,2,0.406294035,0.01946678,0.090139653,0,33.2,78.5,21.2,83,0.029299398,0.023917963,-0.005381432,9.643866333,7.536238712,-2.10762762,0.050224262,0.042240253
42101026700,45667,2,0.188480922,0.127819549,0.020837809,0,94.9,0.7,0,76,0.037612076,0.027636449,-0.009975633,9.442655171,8.815587231,-0.627067939,0.078332027,0.066916457
42101026800,45768,2,0.228615071,0.158216783,0.081876457,2.8,75.9,7.1,9.4,68,0.080221484,0.058573361,-0.021648135,6.07388051,7.550076297,1.476195788,0.211278517,0.18860316
42101019000,45814,2,0.363024267,0.066460954,0.01281747,1.7,10.6,73.4,24.3,81,0.018469292,0.031509245,0.013039952,8.687520436,5.090787482,-3.59673295,0.056165398,0.065581212
42101008102,45888,2,0.204035366,0.124565469,0.030127462,0.6,70.2,1.6,17.8,83,0.029415624,0.039915715,0.010500097,8.985460396,10.45014742,1.464687024,0.054315565,0.061335431
42101015101,45963,2,0.398737808,0.067484663,0.080777096,1.9,89.3,7.5,6.6,81,0.091566215,0.052411201,-0.039155016,7.545737554,8.336071332,0.790333777,0.118936801,0.081848299
42101026500,46181,2,0.222199213,0.068310563,0.063645452,0,94.9,0.6,2.5,73,0.049160835,0.035598929,-0.013561905,9.203046334,6.769128598,-2.433917732,0.098364575,0.081550606
42101006000,46446,2,0.25969312,0.093342981,0.069464544,3.7,74.5,6.1,9,68,0.028074436,0.052414847,0.024340409,7.123350888,8.637508478,1.514157589,0.084549884,0.106896727
42101033600,46797,2,0.267180805,0.155232439,0.065943068,20,8.1,13.4,65.2,66,0.058438226,0.065227306,0.006789078,7.014585427,7.872231115,0.85764569,0.108918214,0.109482082
42101032900,46914,2,0.214126186,0.135849057,0.048679245,8.6,16.5,30.6,48.2,67,0.053965108,0.044634265,-0.009330835,6.512395571,8.322892668,1.810497096,0.197210144,0.183946234
42101017900,46950,2,0.326420198,0.037725824,0.128320935,1.2,19.4,45,32.8,83,0.052232504,0.032207318,-0.020025186,8.096864114,9.698318145,1.60145403,0.080071407,0.056779424
42101027401,46952,2,0.196261682,0.159333025,0.012968967,23.4,50,25.4,3.5,83,0.03157484,0.049453319,0.017878479,7.507408443,6.66068555,-0.846722895,0.091998689,0.107711564
42101008400,47008,2,0.284914951,0.088399606,0.076569175,3.6,84.8,0.5,1.7,83,0.024848973,0.03700491,0.012155931,8.832472786,11.2162692,2.383796415,0.051128152,0.06019047
42101017202,47102,2,0.291738879,0.049019608,0.024313725,0.9,98.7,0,0.3,83,0.082192832,0.058577561,-0.023615271,9.37892954,8.045687535,-1.333242004,0.118076306,0.092237312
42101035900,47593,2,0.138418642,0.21107507,0.079935125,24.7,1.8,7.4,65.5,57,0.069354227,0.058462971,-0.01089126,6.689038928,7.734669421,1.045630492,0.109758325,0.178434689
42101031900,47843,2,0.205240175,0.079565473,0.034644745,3.1,38.1,26.5,34.7,72,0.053130605,0.066071447,0.012940838,6.213464622,7.81408581,1.60062119,0.171913743,0.182682273
42101012204,48000,2,0.183323299,0.203168686,0.246039143,4.1,77.7,2.2,13.6,60,0.035899002,0.058000147,0.022101136,6.515503581,5.459458037,-1.056045544,0.12970633,0.146277532
42101032100,48088,2,0.112040633,0.108915055,0.122371741,0.7,21.7,34.1,43,70,0.051139554,0.068114999,0.016975443,6.607697461,8.775518602,2.167821143,0.107783532,0.120316784
42101025800,48100,2,0.113491604,0.091822095,0.141319943,0.1,79.2,1.6,4.4,64,0.052057074,0.08393282,0.031875733,5.171352858,6.529212331,1.357859477,0.177388903,0.202392829
42101007700,48581,2,0.306886228,0.41991342,0.284632035,15,20.1,5.3,54.2,83,0.056875213,0.10514707,0.048271859,5.765063948,8.330957746,2.565893805,0.212040922,0.258330242
42101024300,48617,2,0.249128453,0.205925384,0.143745428,2.1,83.2,2.9,10.6,83,0.076253974,0.077938457,0.001684485,5.543684252,5.560820181,0.017135928,0.266026679,0.270328677
42101031101,48663,2,0.280659341,0.112720848,0.023321555,14,29.1,28.9,29.7,73,0.010556628,0.015921036,0.005364398,7.82423361,8.249394884,0.425161276,0.019838434,0.023373884
42101028100,48750,2,0.155428571,0.101644245,0.075635277,0,83.7,7.5,8.4,83,0.056946547,0.050256118,-0.006690424,7.220241133,7.869801508,0.649560377,0.18804327,0.183077659
42101008101,48803,2,0.29857663,0.198387097,0.082258065,0,89.9,1.3,9.2,83,0.035811433,0.048032567,0.012221132,8.998211036,10.58952543,1.591314397,0.079649934,0.090337798
42101033300,49178,2,0.125698324,0.207784055,0.085373509,13.5,10.6,9.4,65.6,57,0.049699683,0.038288252,-0.011411438,6.565902428,7.782398649,1.216496222,0.100219472,0.086444152
42101003702,49493,2,0.131966503,0.208739924,0.048790836,25.3,37.5,1.1,27.9,83,0.018213588,0.03112087,0.012907286,9.175415255,10.23500146,1.059586205,0.036544767,0.049965016
42101009600,50786,2,0.265167364,0.081592432,0.05597162,0.2,94.6,13.1,0,83,0.051448843,0.049694738,-0.001754107,8.840519559,10.45122212,1.610702563,0.089900505,0.085203746
42101032500,50876,2,0.218518519,0.050295858,0.018244576,13.7,17.4,17.6,44.7,81,0.060277272,0.045073988,-0.015203287,5.716450734,8.016096024,2.299645291,0.130237183,0.112647952
42101031102,50927,2,0.129032258,0.07182118,0.020153903,4,48.4,48.8,16.1,67,0.022113747,0.023476776,0.001363034,7.103807854,6.99064334,-0.113164514,0.065696053,0.065475228
42101030200,51000,2,0.182380029,0.060833903,0.051606288,2,46,34.9,23.3,75,0.0419771,0.037830265,-0.004146842,6.591034041,5.176420273,-1.414613771,0.129480856,0.124828455
42101033701,51319,2,0.173699304,0.166505512,0.088957648,13.8,22.2,12,49.2,63,0.040975576,0.040877993,-9.76E-05,7.533253715,7.666183746,0.13293003,0.125011443,0.122301187
42101004103,51450,2,0.381214301,0.111219512,0.024065041,28.7,1.7,52.1,25.2,83,0.015495949,0.026859768,0.011363808,10.36648347,10.6427889,0.276305435,0.042127254,0.05373961
42101012100,51555,2,0.190902022,0.166200559,0.237315222,1.7,72.8,2.3,20,63,0.060925637,0.068272955,0.007347314,6.345758806,5.531439102,-0.814319705,0.244458318,0.251734048
42101010000,51734,2,0.221852929,0.152937315,0.084345258,0.6,88.9,1.6,5.2,83,0.033258472,0.047377495,0.01411901,9.408005145,8.864580525,-0.543424619,0.082534116,0.091385764
42101017000,51989,2,0.236550935,0.164754098,0.213934426,3.9,69.8,3.3,20.1,54,0.026157062,0.072520732,0.046363668,8.010830877,6.253312673,-1.757518203,0.122423267,0.159875044
42101025300,52207,2,0.158380202,0.092289372,0.144388211,1.3,83.9,2.6,11.6,81,0.081414395,0.066503997,-0.014910396,6.161347297,6.465895346,0.304548049,0.186020091,0.171022444
42101030900,53088,2,0.126798342,0.131636364,0.036,7.6,47,16.2,25.1,66,0.028531036,0.0419953,0.01346426,7.247263165,3.450823698,-3.796439459,0.079972486,0.083860085
42101031600,53167,2,0.1535,0.103612815,0.042944785,25.8,15.3,21.5,41.5,70,0.019386817,0.028901274,0.009514463,7.335118929,8.993171284,1.658052355,0.051571378,0.059429855
42101031402,53633,2,0.270918458,0.068464182,0.041237113,29.4,12.6,29.7,24.6,66,0.013914761,0.020661629,0.006746861,7.283891799,6.833491191,-0.450400607,0.026646734,0.029729834
42101031000,53914,2,0.254213284,0.131818182,0.058008658,21.5,22.4,21.4,40.8,66,0.039827703,0.052328974,0.012501261,6.697623002,6.407948634,-0.289674369,0.103004902,0.110395497
42101026100,54132,2,0.117156208,0.126969833,0.121116614,0,93.5,0,4.5,64,0.057803353,0.054084336,-0.003719022,6.020847545,6.481476086,0.460628543,0.120647844,0.112773029
42101025900,54229,2,0.159703337,0.154394299,0.086528673,1.5,93.3,2.2,2.9,67,0.032263055,0.033742255,0.001479206,6.943620129,8.324544624,1.380924493,0.057973443,0.05579695
42101027500,54261,2,0.216292747,0.143594414,0.051001821,6.7,68.1,28.4,8.7,82,0.048499778,0.063991947,0.015492156,7.546220771,7.302575601,-0.243645172,0.191667862,0.211339255
42101033400,54267,2,0.191859276,0.18847903,0.111925215,20,20.1,13.2,47.2,62,0.031737435,0.028081238,-0.003656197,7.764570583,7.998784528,0.234213945,0.059841395,0.053587736
42101015200,54416,2,0.388142748,0.09649395,0.014582687,5.9,82.8,6.5,5.1,71,0.058750733,0.077758626,0.019007891,7.066576306,6.952157205,-0.114419103,0.133075207,0.148720352
42101034600,54737,2,0.112626656,0.196753566,0.071323168,3.4,29.5,22.8,49.2,49,0.055285368,0.040516198,-0.014769167,10.3704996,10.18532374,-0.185175857,0.147048435,0.139047704
42101034502,55439,2,0.153485528,0.241370558,0.174365482,23.3,20.7,6.2,51.1,45,0.045063872,0.051177336,0.006113463,8.07605037,8.881476076,0.805425704,0.135597281,0.138850721
42101033900,55636,2,0.143410853,0.21986456,0.126410835,1.4,35.6,16.7,48.4,68,0.056007324,0.072125698,0.016118369,6.171133079,6.387059734,0.215926655,0.19245856,0.295234059
42101031401,55864,2,0.197201574,0.063800595,0.035216099,17.5,10.2,33,39.6,69,0.014437205,0.020847556,0.006410345,7.226208757,7.410871069,0.184662313,0.030903986,0.035061702
42101033500,56151,2,0.22088589,0.163132137,0.065252855,16.8,24.8,11.7,36.4,60,0.024312654,0.030965395,0.006652737,7.813390382,8.581308877,0.767918494,0.046462743,0.049459484
42101030700,56641,2,0.153312789,0.210075027,0.122186495,2.5,45.5,22.7,28.2,57,0.046635407,0.072850508,0.026215095,8.116038273,5.897427288,-2.218610984,0.150408312,0.171264406
42101031200,56662,2,0.214688087,0.137692717,0.068580542,5.4,68.4,30.6,15.2,68,0.024838107,0.029891879,0.005053771,7.341084036,8.316886759,0.975802722,0.06423215,0.066571624
42101024400,56912,2,0.338235294,0.2895,0.0955,0,86.4,0,8.9,83,0.070621717,0.078406974,0.00778526,6.836561552,6.472475727,-0.364085824,0.224530193,0.233575063
42101003300,56923,2,0.254739912,0.059901654,0.131649531,7.3,43,16.8,40.9,74,0.036922661,0.042453726,0.005531062,6.929296564,9.077467415,2.148170849,0.075080547,0.081340668
42101031501,57310,2,0.103846763,0.168737737,0.068454327,28.8,2,24.9,45.1,69,0.037719113,0.017840864,-0.01987826,6.63454951,8.426227849,1.791678338,0.098453532,0.078651733
42101016600,57432,2,0.514052121,0.019379845,0.103875969,14.8,71.1,3.3,11.4,81,0.049303639,0.056420385,0.007116733,7.658181184,6.324621758,-1.33355943,0.124718881,0.131164444
42101018400,57633,2,0.148426491,0.0885585,0.096315449,0.8,0,2.4,93,83,0.00953528,0.023998253,0.014462974,6.397021579,8.855509525,2.458487945,0.029116242,0.041077459
42101026301,57992,2,0.13027471,0.127893738,0.129791271,0,91.4,4.3,2.2,70,0.043576756,0.034331499,-0.009245248,7.871657777,6.357351832,-1.514305946,0.081475618,0.068263382
42101032000,58213,2,0.285594288,0.118435754,0.056089385,1.1,7.2,37.9,59.7,66,0.025657501,0.035048599,0.009391103,6.687449157,8.31908089,1.631631733,0.062334282,0.069943865
42101030600,58231,2,0.141504893,0.104860839,0.080360643,6.5,34.9,23.7,37.6,70,0.053559125,0.064554906,0.010995782,7.046215891,1.490067627,-5.556148264,0.149369773,0.15493417
42101027100,58296,2,0.132397572,0.148681055,0.07529976,9.3,74.7,5,6.9,66,0.041952442,0.045443613,0.003491178,7.719494909,7.504541388,-0.214953521,0.11795906,0.118789637
42101028600,58350,2,0.273016378,0.035389988,0.030733411,4.7,56.1,34.6,4,83,0.030183339,0.044802114,0.014618765,8.623580496,6.861850741,-1.761729755,0.089901253,0.103910685
42101038800,58514,2,0.031728665,0.265406162,0.414215686,0,81.7,2.9,7.4,83,0.05992926,0.080652021,0.020722741,4.321877272,5.276117426,-1.568062258,0.440363301,0.465790857
42101001101,58557,3,0.25615491,0.361461794,0.372093023,8.1,14.5,7.3,62.9,83,0.073150119,0.077218166,0.004068069,7.69490612,8.95045904,1.255552921,0.127925532,0.138301502
42101031800,58607,3,0.246753247,0.141818182,0.055636364,8.7,40.4,26.2,27.5,69,0.032699505,0.037089131,0.004389604,6.475775628,7.502208882,1.026433256,0.090292945,0.091853569
42101003200,58920,3,0.132797858,0.132756133,0.052669553,5.5,56.9,10.2,23.8,83,0.06155262,0.032949643,-0.028602982,8.33247612,10.08073678,1.74826066,0.088287845,0.062467166
42101035800,58979,3,0.098222638,0.178526841,0.153349979,20.3,4,4,66.1,54,0.079851101,0.061787443,-0.01806365,4.931478074,6.814238402,1.882760328,0.200583458,0.183067672
42101035701,59013,3,0.175597874,0.335014006,0.065546218,33.1,6.3,6.9,49.8,52,0.048867792,0.050452812,0.001585022,6.554259393,7.431640664,0.877381272,0.130114443,0.126707293
42101038000,59167,3,0.264027838,0.164876816,0.015792798,1.5,8.5,35.4,63.3,83,0.017395586,0.039944671,0.022549087,7.729001813,9.260600272,1.531598458,0.034791432,0.049452218
42101035601,59257,3,0.097927672,0.288378766,0.095648015,16.7,4.4,12.7,66.8,51,0.067550266,0.060652074,-0.006898185,7.591247112,7.24831454,-0.342932573,0.183083629,0.177461775
42101014000,59375,3,0.340665236,0.316185696,0.13258051,6.2,43.2,5.8,40.2,32,0.064246299,0.050447714,-0.013798569,7.332277759,8.314274763,0.981997004,0.104534996,0.091873846
42101018001,59531,3,0.103106709,0.185019564,0.09726104,0,1.1,14.8,87.4,83,0.041641998,0.038478234,-0.003163763,8.238171999,9.005780627,0.767608626,0.085992809,0.087087528
42101023800,59534,3,0.107414449,0.201055262,0.170508192,0.9,59.8,9.9,25,83,0.099505999,0.106443253,0.006937261,6.278203491,5.444211724,-0.833991767,0.292630801,0.297372672
42101034900,59563,3,0.09088992,0.078395385,0.058206607,4.7,28.9,23.9,48.4,61,0.037476826,0.05607846,0.018601635,5.749235985,7.888488276,2.139252289,0.126041977,0.134826995
42101003001,59583,3,0.141334829,0.271882013,0.089772363,36.8,16.3,8.5,32.6,83,0.015160906,0.023711567,0.00855066,9.096267977,10.32291049,1.226642515,0.017715965,0.026861639
42101008701,59722,3,0.157632192,0.231180584,0.533525298,21.4,7.7,3.5,62.6,83,0.062670033,0.099073419,0.036403353,6.217175567,8.048537179,1.831361614,0.174660561,0.214706356
42101030800,59732,3,0.065031587,0.159598494,0.071016311,18,22,26.3,36.2,67,0.043531696,0.061683534,0.01815182,7.211341643,2.83290606,-4.378435579,0.140113441,0.152599672
42101003701,59837,3,0.206296296,0.151577977,0.052983184,21.2,45.4,8.9,23.4,83,0.03397133,0.024878139,-0.009093194,10.13040206,10.63752736,0.5071253,0.040085541,0.032801802
42101005400,60000,3,0.157123835,0.180995475,0.1239819,1.1,79.5,3,18.3,44,0.03533353,0.115171525,0.079837994,4.393220257,6.527034467,2.133814208,0.256895323,0.329846631
42101037800,60000,3,0.128378378,0.295242766,0.204512016,5.1,2.2,3.3,87,83,0.015252625,0.033787692,0.018535065,7.317010179,8.256918249,0.939908069,0.054611829,0.070431637
42101026400,60107,3,0.091326718,0.116104015,0.072764599,0.4,98.4,0,1.2,77,0.050259596,0.040120541,-0.010139059,7.825677098,4.948013537,-2.877663562,0.108230022,0.09598211
42101036000,60598,3,0.135942327,0.260070671,0.123321555,23.5,18.2,3.4,52.8,52,0.046724972,0.033316525,-0.013408448,10.05793681,10.14621402,0.088277214,0.090716474,0.076357541
42101039001,61141,3,0.255212922,0.072006472,0.031148867,2.8,32,60.6,35.9,70,0.026253885,0.024002943,-0.002250943,8.731644973,4.554073297,-4.29075232,0.053416127,0.061980805
42101027200,61146,3,0.15531964,0.210418496,0.098624524,2.2,76,20.1,4.3,65,0.035523432,0.068039091,0.032515653,7.375059227,5.165219085,-2.209840146,0.151849522,0.177801761
42101007800,61205,3,0.32590604,0.294536049,0.328483673,9.2,16.1,6,64.5,83,0.06541065,0.111277759,0.045867094,5.622754136,7.451400328,1.828646196,0.199590663,0.246522974
42101011900,61311,3,0.194922547,0.131630648,0.105809711,0,90,1.2,6.1,72,0.070160381,0.051285641,-0.01887474,7.579709526,8.959539258,1.379829728,0.154108687,0.133398603
42101027402,61430,3,0.333646113,0.078975683,0.011405208,6.5,65.3,19.5,11.9,75,0.036557695,0.0447137,0.008155994,7.920104926,6.363981065,-1.556123863,0.094635012,0.10177515
42101024000,61450,3,0.136917137,0.166034875,0.287717968,5.3,53.6,4.4,31.8,79,0.078165159,0.092826939,0.014661773,7.521249179,5.862019534,-1.659229646,0.220146149,0.234088307
42101007300,61488,3,0.208276798,0.262512267,0.064769382,5.2,69.4,1.2,18.3,83,0.046033564,0.056042583,0.010009026,8.110074292,9.259448087,1.149373795,0.090911912,0.096217545
42101004001,61583,3,0.209889261,0.211163615,0.140874188,7.2,3.5,9.6,80,83,0.009158326,0.020412208,0.011253882,10.17362371,10.79540844,0.621784736,0.019732878,0.031317374
42101003901,61984,3,0.179716751,0.28962854,0.115299743,16.1,8.1,9.1,66.9,83,0.009387155,0.019184938,0.009797785,10.69188622,10.40665977,-0.285226455,0.013811052,0.02318486
42101020600,62143,3,0.109580052,0.259229535,0.349117175,5.4,28.1,11.1,55.6,70,0.054198237,0.07659394,0.022395697,7.358348961,5.707850642,-1.650498324,0.233858464,0.251029814
42101030502,62270,3,0.253548387,0.12926249,0.059740946,10.8,39.9,18.4,16.6,71,0.052153342,0.045986909,-0.006166427,6.464606083,4.035473426,-2.429132656,0.128537063,0.119028888
42101025700,62516,3,0.087051143,0.240171787,0.359762141,4.5,38.2,2.3,51.8,60,0.076705579,0.082306335,0.005600741,6.95379157,6.191306258,-0.762485314,0.276526718,0.282605021
42101005500,62616,3,0.11623647,0.173882353,0.052470588,2.9,80.4,5.3,9,55,0.087718542,0.062637928,-0.025080621,5.663507906,7.529443237,1.86593533,0.204264364,0.176433469
42101026000,62651,3,0.101362579,0.187153053,0.137589215,0,95.1,1,1.5,67,0.04054984,0.045025017,0.004475168,6.803731792,6.630426699,-0.173305093,0.111398698,0.111998744
42101034200,62686,3,0.162601626,0.280080214,0.130347594,5.2,22.4,5.9,67.3,48,0.067838604,0.093183507,0.025344985,6.960111561,5.092758474,-1.867353088,0.123313552,0.333485885
42101029300,63048,3,0.462697538,0.089802131,0.104008118,0,39.9,36.1,27.2,83,0.037482181,0.048797874,0.011315683,7.359218527,5.654761073,-1.704457453,0.113677937,0.122625968
42101035702,63115,3,0.246384166,0.247093023,0.080749354,13.2,0.9,0.9,75.5,54,0.06532709,0.040676484,-0.024650607,5.336627728,6.066088857,0.729461128,0.135749615,0.108720777
42101012203,63750,3,0.296442688,0.396166134,0.258785942,27.3,29.8,11.4,22.3,50,0.045548912,0.065331616,0.019782702,8.196032242,7.822739438,-0.373292801,0.179200074,0.201036985
42101008000,63906,3,0.227671233,0.31113388,0.191598361,0.7,70.9,1.5,19.8,83,0.044252421,0.063582685,0.01933026,8.281108373,9.291056929,1.009948558,0.130070243,0.145040079
42101019100,65048,3,0.196419098,0.115316029,0.060035665,8.4,14.7,68.7,16.6,75,0.022430887,0.026440556,0.004009669,9.756797341,6.003003884,-3.753793457,0.080783573,0.085219614
42101012000,65331,3,0.104702194,0.145424837,0.361928105,9.4,46.3,7.1,32.1,78,0.108019442,0.08315774,-0.024861706,5.07768862,4.313119047,-0.764569576,0.320638388,0.293251001
42101035500,65553,3,0.114955676,0.153479853,0.188278388,23.2,6.1,5.3,67.1,57,0.051130611,0.052875694,0.001745086,8.42508368,8.249597892,-0.175485788,0.142568306,0.13708901
42101034801,65673,3,0.103321033,0.091129032,0.058064516,4.2,4.1,8.2,87,71,0.055525124,0.051721868,-0.00380326,7.065996381,9.087477975,2.021481596,0.187541213,0.17256559
42101037200,66431,3,0.1839303,0.131740196,0.071384804,26.5,4.9,6.2,52.6,83,0.012586859,0.041593594,0.029006738,8.421519568,10.09008131,1.668561742,0.045722481,0.073104104
42101031300,66521,3,0.25876764,0.062686567,0.011542289,19.5,25.9,24.1,32.1,66,0.017752314,0.027438747,0.009686423,7.134297166,8.231774559,1.097477392,0.051867716,0.059435996
42101004104,66648,3,0.246777658,0.221539457,0.050129366,38.3,0.6,25.2,45.4,83,0.023658767,0.019783765,-0.003875003,10.53133779,11.00006343,0.468725633,0.029518752,0.027820345
42101033800,67160,3,0.104333868,0.191248291,0.058995898,4.8,13.3,16.4,71.1,62,0.051563609,0.067780523,0.016216908,8.356250055,7.363703358,-0.992546698,0.083660759,0.165558553
42101004101,67992,3,0.205256299,0.188029362,0.092603049,30.2,9,28.1,42.9,83,0.037255624,0.016897029,-0.0203586,9.575895478,10.68523989,1.109344417,0.04373172,0.025070983
42101033000,68227,3,0.305896958,0.115615086,0.08565386,5.4,22.9,32,44.1,67,0.021470246,0.016586277,-0.004883979,7.515957875,9.108099158,1.592141284,0.053546539,0.048613597
42101018002,68380,3,0.161970643,0.093483767,0.075754087,2.5,1.4,5.9,76.3,83,0.017879772,0.022362437,0.004482663,8.539543162,9.66329563,1.123752467,0.026633825,0.030303664
42101002200,68412,3,0.161082474,0.225490196,0.212254902,3.9,42.8,9.2,40.3,83,0.038865099,0.031497134,-0.007367968,9.687879845,10.65390342,0.966023579,0.050361735,0.044805587
42101004202,68419,3,0.165054069,0.120827457,0.076398684,15.6,4.2,19,70.4,83,0.016498681,0.018842845,0.002344157,9.519606151,11.06896919,1.549363035,0.03682987,0.039270439
42101013800,68864,3,0.222576531,0.167821401,0.190146266,3.2,62.2,5.8,27,83,0.085945399,0.042851386,-0.043094025,7.068451295,9.067250812,1.998799516,0.130332728,0.08849473
42101037900,69198,3,0.148519362,0.202688728,0.118665977,2.2,0.2,6.5,91.5,83,0.022828757,0.024603412,0.001774655,8.468314013,10.04532901,1.577014997,0.0420122,0.040207991
42101000500,69267,3,0.260416667,0.193069307,0.227310231,16.6,29.8,9.8,43.7,58,0.008791491,0.010258487,0.001466996,8.866929339,8.338634386,-0.528294953,0.011696667,0.013582048
42101034100,69623,3,0.05752299,0.197365326,0.130087038,12.1,3,13.6,73.5,64,0.0705764,0.069612128,-0.000964286,7.435020701,7.148364545,-0.286656155,0.033111151,0.180214964
42101035100,70000,3,0.141968912,0.22040371,0.190943808,4.6,11.4,5.4,76.7,46,0.037028245,0.03891135,0.00188311,5.880066078,8.915041636,3.034975556,0.117081025,0.115775441
42101026302,70182,3,0.064983535,0.155739972,0.126417704,0,96.8,1.4,3.2,76,0.040996009,0.042062878,0.001066868,9.03694615,5.21340737,-3.823538785,0.106558021,0.105068587
42101025400,70234,3,0.142301143,0.216956802,0.190844616,1.1,81.5,5.5,12.7,76,0.079101064,0.080848871,0.001747812,5.90280185,5.376996404,-0.525805445,0.207554424,0.208218461
42101028500,70417,3,0.471828287,0.020397756,0.016318205,18.7,31.3,39.4,1.8,83,0.040599212,0.038251301,-0.002347906,8.329599402,7.250132736,-1.079466668,0.090273559,0.085622625
42101034802,70417,3,0.081348479,0.11129386,0.105537281,0,23.4,11.2,63.6,64,0.081274743,0.064337017,-0.016937744,5.497491972,7.923377051,2.425885081,0.282801857,0.256728522
42101020800,70560,3,0.154296875,0.325414365,0.475690608,9.5,32.1,8.5,47.1,68,0.062345771,0.103706323,0.041360516,4.349217481,4.108102962,-0.241114518,0.441190971,0.487285825
42101032600,70711,3,0.141483134,0.083189241,0.087800192,12.4,10.2,11.3,64.3,73,0.045455996,0.028308092,-0.017147913,6.450462218,8.366124487,1.915662272,0.088861166,0.068969472
42101033101,70882,3,0.206896552,0.074085652,0.072210066,7.3,25.7,17.5,50.9,72,0.031616162,0.019846122,-0.01177005,6.903598456,8.350056717,1.446458259,0.071365099,0.058737877
42101009801,71029,3,0.105769231,0.198849105,0.090153453,3,86.2,0.9,6.6,70,0.026922341,0.039164568,0.01224224,8.939720159,8.400085304,-0.539634855,0.080543604,0.088284234
42101021900,71250,3,0.050176678,0.19627907,0.246511628,1.3,7,3.6,84.9,61,0.076342735,0.110349908,0.034007164,3.861768612,4.868919169,1.007150556,0.420291044,0.468317357
42101002801,71352,3,0.134335716,0.178628902,0.139040875,22,4.3,25.2,54.6,83,0.016708236,0.019594257,0.002886017,8.993508267,10.29213567,1.298627405,0.021995571,0.024999625
42101025500,71389,3,0.070422535,0.280211844,0.372652865,2.6,49.1,0.6,39.4,83,0.086902989,0.109117325,0.022214323,5.128731899,5.522134055,0.393402151,0.323156197,0.345389358
42101026200,71943,3,0.171366594,0.138798171,0.111365121,0.6,94.7,4.3,1.9,67,0.049963954,0.05343146,0.003467495,6.868914656,5.458778942,-1.410135716,0.105426074,0.103639489
42101009802,72365,3,0.246640029,0.160427807,0.130875317,0,85.1,8.9,4.5,69,0.032550815,0.048044062,0.015493246,8.51807008,7.308962502,-1.209107578,0.114931127,0.123913209
42101035302,74000,3,0.060369503,0.167577999,0.065615954,7.5,10.2,7.1,68.3,56,0.075773609,0.04755031,-0.028223306,6.841789839,7.950878177,1.109088337,0.221048697,0.191935633
42101003002,74213,3,0.214586255,0.203269996,0.183384887,10.9,38.2,14.3,36.5,83,0.066719139,0.036209956,-0.030509181,8.552811642,10.10940429,1.556592652,0.076863323,0.048810769
42101021800,74242,3,0.136026201,0.360390516,0.191631799,1.9,27.4,9.7,60.3,55,0.08196126,0.087375947,0.005414668,5.058574112,5.952716918,0.894142803,0.279816452,0.28504937
42101034701,75765,3,0.088543225,0.167893962,0.109536082,18.1,14.4,16,53.6,63,0.043602762,0.046600943,0.002998166,5.992235687,7.584550536,1.592314848,0.159255585,0.158901676
42101013702,76000,3,0.478248002,0.177458034,0.185851319,2.6,53,8.4,39.1,83,0.087702082,0.033138396,-0.05456368,7.782926162,9.202252218,1.419326056,0.10413396,0.051454351
42101037500,76439,3,0.117829457,0.254681648,0.330420308,9.3,41.4,3.9,43.3,70,0.102438533,0.082883159,-0.019555379,6.697358188,5.078577674,-1.618780509,0.36170145,0.343606066
42101036302,76910,3,0.073877805,0.110980852,0.100429855,0.2,20,15.3,70.3,58,0.058615532,0.053153605,-0.005461926,6.235279812,7.949132709,1.713852896,0.136097061,0.119462251
42101035200,77500,3,0.045158391,0.177009688,0.089814087,6.1,5.2,5.4,87.2,51,0.062597455,0.069067137,0.006469679,4.899924526,8.100295158,3.200370631,0.225447014,0.224318359
42101036501,77910,3,0.147529735,0.149643053,0.108731466,17.6,15.3,2.6,65.1,49,0.066872093,0.069619868,0.002747747,6.259783625,8.844252125,2.584468496,0.048702918,0.217905638
42101003100,78270,3,0.173864399,0.2,0.179765396,0,53,13.9,33.3,72,0.073273111,0.023374801,-0.049898312,9.030199518,10.13078986,1.100590339,0.078698073,0.032810705
42101003902,78582,3,0.09634869,0.236842105,0.019450801,2.8,0,2.4,90.5,83,0.01637941,0.04230162,0.025922211,8.414462345,9.556053719,1.141591372,0.068047448,0.095307274
42101033702,78689,3,0.048648649,0.187834857,0.084462654,15.6,15.2,7.4,55.6,63,0.038785652,0.066071155,0.027285503,7.755058908,6.977774187,-0.777284723,0.1441844,0.161475167
42101002802,78871,3,0.177711959,0.35786106,0.189442413,19.3,6.7,13.3,64.5,83,0.014578636,0.02863761,0.014058976,8.841704107,10.47369422,1.631990109,0.0232541,0.037776866
42101008601,79367,3,0.171341669,0.351787774,0.339100346,6,22.2,9.4,56,83,0.052642866,0.078865731,0.026222873,6.175252786,7.99149919,1.816246398,0.141947679,0.168607905
42101012501,79694,3,0.097731239,0.280481137,0.423182067,17.6,11.9,5.9,61.1,32,0.025020243,0.04443615,0.019415917,8.273501841,9.547773169,1.274271329,0.05002112,0.068705228
42101007900,79800,3,0.126804124,0.295031056,0.397204969,8.6,18.5,5.5,60,83,0.061691011,0.110647379,0.048956362,5.939610229,7.44803397,1.508423744,0.206800371,0.255224822
42101000702,79926,3,0.09602649,0.327798607,0.490626674,32.9,1,9.5,49.5,48,0.021457231,0.042402832,0.020945591,6.90761637,7.587863349,0.680246976,0.039090811,0.061019176
42101033200,80409,3,0.08134142,0.104385129,0.117254528,38.2,4,13.2,45.4,66,0.034771272,0.037150312,0.002379044,5.243372457,6.07457458,0.831202123,0.108459878,0.103903771
42101036203,80833,3,0.052972731,0.207621182,0.034183245,7.1,0.6,5.6,89,57,0.059183151,0.068863885,0.009680735,5.373845601,7.623777395,2.249931788,0.24973952,0.249783804
42101023700,80891,3,0.062902073,0.272675897,0.32438542,1.2,61.5,5,35.2,83,0.08769306,0.100075139,0.012382062,5.380962733,5.218534918,-0.162427815,0.311932952,0.321833912
42101018300,81053,3,0.090582499,0.072845528,0.090406504,0.9,0.1,0.8,96.2,83,0.017750308,0.066260037,0.048509728,5.721957697,8.215283821,2.493326125,0.085240032,0.123880583
42101011500,81154,3,0.104011887,0.240362052,0.084813946,0,87.7,2.7,7.3,83,0.0476793,0.056487301,0.008807996,9.070363178,7.437638733,-1.632724446,0.126856456,0.134864301
42101036100,81354,3,0.056099733,0.115739034,0.07371913,2.6,38.5,5.9,55.7,54,0.068395847,0.054189644,-0.014206222,6.392354907,7.60394555,1.211590643,0.229693763,0.213649962
42101000803,82112,3,0.085714286,0.401258851,0.518882769,9.6,2.3,6.1,80.3,80,0.034801955,0.074366103,0.039564162,5.284288204,6.358586364,1.07429816,0.152294288,0.198415478
42101015700,82500,3,0.189412738,0.301675978,0.158659218,5.2,2.7,32.2,62.9,83,0.02084368,0.032252093,0.011408411,8.178273208,8.984622049,0.80634884,0.035684743,0.044655354
42101029200,82784,4,0.125167936,0.118221258,0.040130152,6.2,30.5,40.5,23.8,77,0.057074579,0.076730674,0.019656095,5.563818965,3.941868749,-1.621950213,0.304834444,0.326274345
42101004002,82834,4,0.118475888,0.145135983,0.131537657,10.4,5.4,2.4,76.3,83,0.007911479,0.017905307,0.009993827,10.63470879,10.43926478,-0.195444013,0.011655436,0.022294746
42101033102,83145,4,0.172059268,0.167858487,0.098983816,1.4,9.9,14.3,70.2,66,0.055486451,0.043633425,-0.011853037,6.068625703,7.915231413,1.846605712,0.137652007,0.120974792
42101002500,83576,4,0.186966641,0.265777489,0.261548471,12.3,19.2,4.2,60,60,0.030122597,0.060671832,0.030549232,7.590996276,9.355601888,1.764605611,0.077320821,0.107768811
42101026900,83857,4,0.151843818,0.213483146,0.082022472,2.5,72.1,4,21.9,83,0.096459884,0.0889966,-0.007463298,6.43114645,6.126023498,-0.305122953,0.33091598,0.32273664
42101034803,84336,4,0.118154017,0.190653573,0.13003725,2.6,2.5,5.8,84.5,62,0.04625751,0.053982169,0.007724661,4.547880753,7.557283554,3.009402801,0.155727836,0.155449038
42101000805,84773,4,0.056210692,0.422892093,0.498470948,15.9,1.7,3.6,74.1,72,0.026825291,0.044070374,0.01724509,5.880112954,7.266925416,1.386812465,0.046703878,0.068042406
42101021400,84861,4,0.139058172,0.501021798,0.230926431,0.6,6.8,4,87.4,81,0.067238299,0.067235871,-2.44E-06,6.421983744,6.462321838,0.040338093,0.152030882,0.150740439
42101000401,86293,4,0.201779216,0.426643448,0.391380061,21,15.7,3.6,57.6,64,0.012756059,0.030488396,0.017732332,6.034414236,6.818093328,0.78367909,0.029155676,0.048327028
42101000701,86809,4,0.229026332,0.337517434,0.580892608,18.9,0.2,5.8,79.7,83,0.005109765,0.013116175,0.008006407,7.22616323,7.574277005,0.348113775,0.007141465,0.017519572
42101021100,86845,4,0.121076233,0.396542108,0.267150028,4.7,8.3,10.9,70.6,64,0.059712109,0.084978302,0.025266178,5.148051723,6.116454783,0.96840306,0.179183449,0.198423478
42101021700,86989,4,0.099767981,0.230318258,0.165619765,0.4,9.2,5,83.8,57,0.065124189,0.081000402,0.015876201,4.710595105,6.081339337,1.370744231,0.213105722,0.225274873
42101035301,87083,4,0.019646365,0.144194283,0.045029092,2.2,1.4,12.1,84.1,54,0.096545374,0.046613846,-0.049931528,5.04748897,7.484282207,2.43679324,0.225791459,0.170399945
42101021000,87660,4,0.125538582,0.358427236,0.124190842,3.3,6.4,6.8,86.7,83,0.049889659,0.064030114,0.014140449,6.301618871,6.232898991,-0.06871988,0.134586884,0.146289538
42101004201,88095,4,0.132482043,0.174365175,0.069165659,29.2,2.2,9.7,59,83,0.021573885,0.016105277,-0.005468604,9.577039861,10.95281858,1.375778716,0.036594856,0.031708258
42101013300,88264,4,0.154548529,0.323914824,0.452497952,8.2,21.2,16.2,53.3,70,0.039348785,0.039485885,0.00013709,8.79936721,9.773979718,0.974612505,0.054484915,0.055364009
42101036201,88472,4,0.085843373,0.198922097,0.060754532,1.8,2.6,7.2,85.3,56,0.044361759,0.046920706,0.002558938,8.096440471,7.195134818,-0.901305655,0.198047919,0.194976052
42101001204,88583,4,0.113065327,0.398050975,0.446776612,6.2,1.8,5,82.9,83,0.039005584,0.058326275,0.019320695,8.268092721,8.878011708,0.609918989,0.068364171,0.091299957
42101012502,88936,4,0.107574418,0.308336015,0.486964918,19.6,13.7,6.4,60.4,48,0.02717731,0.102179518,0.075002205,5.448612154,7.44168714,1.993074987,0.135983178,0.211886736
42101000902,89063,4,0.136202307,0.386050644,0.306530431,17.4,5.8,4.8,71.2,45,0.042552776,0.069943353,0.027390575,6.951631957,7.877869582,0.926237623,0.072811255,0.104286677
42101016002,89100,4,0.150352941,0.361471861,0.114989177,2.5,3.4,10.6,86,83,0.027353724,0.043040221,0.015686494,8.640541473,9.091879546,0.451338073,0.045116824,0.061033557
42101013402,89669,4,0.094882729,0.427583225,0.43795936,3.7,5.6,13.7,77.8,72,0.04786567,0.0872605,0.039394853,6.479047937,8.106553646,1.627505712,0.114958183,0.158571924
42101001400,89775,4,0.137234322,0.258325833,0.351335134,1.7,23,3,64.7,83,0.049172849,0.064062497,0.014889657,8.039349998,9.271491317,1.232141318,0.082513447,0.100399756
42101036202,90043,4,0.050997398,0.223179664,0.083584662,8,4.1,8.6,83.4,57,0.060225428,0.054868886,-0.005356547,5.245307179,6.68559122,1.44028404,0.145018765,0.127748208
42101003800,90221,4,0.046741453,0.15960798,0.113055653,5.3,1.2,6.6,88.2,83,0.017892275,0.037281497,0.019389218,9.040109228,11.0469962,2.00688697,0.05623047,0.075861137
42101000404,90980,4,0.050251256,0.371366729,0.360544218,10.1,6.4,1,79.3,56,0.007105531,0.019250727,0.012145194,5.950820769,6.207447231,0.256626462,0.01255592,0.031934566
42101002701,91078,4,0.130732736,0.323766816,0.190433483,11,8.6,15.6,65.1,83,0.028737445,0.023789023,-0.004948417,9.25209525,10.27705095,1.024955702,0.034023034,0.029683566
42101027000,91882,4,0.105633803,0.269794721,0.127272727,5.8,75.5,3.2,13.7,74,0.080630258,0.09659393,0.015963648,5.569229134,6.269137609,0.699908475,0.29628469,0.30930678
42101013701,92337,4,0.177563661,0.269322709,0.335458167,9.8,33.8,5.2,49.6,53,0.030184222,0.044265316,0.014081089,6.760557209,9.173095318,2.41253811,0.063710823,0.075631979
42101036301,92578,4,0.195103858,0.205687204,0.04328594,22.7,4,11.3,65.4,54,0.042097667,0.043283957,0.001186289,8.154261958,8.306964431,0.152702471,0.181771509,0.181774491
42101002900,93631,4,0.175141243,0.275039746,0.269952305,8.5,3.5,9,70.1,83,0.025149466,0.056383284,0.031233819,7.766625522,9.588701218,1.822075695,0.047791194,0.079288479
42101036502,93879,4,0.054085971,0.216030056,0.139010645,2.3,0.6,7.5,87.5,47,0.073791054,0.075557238,0.001766168,5.457640083,7.791544279,2.333904201,0.150613522,0.207690789
42101016001,93890,4,0.106324473,0.346003354,0.159865847,0,10.3,1.8,89,83,0.021501999,0.028492462,0.006990457,9.007447688,7.998949558,-1.008498125,0.029106103,0.034416709
42101021300,94675,4,0.1146875,0.315884477,0.258844765,2.2,11.8,3.7,81.1,83,0.060174869,0.075311605,0.015136736,6.914817387,6.936333666,0.02151628,0.172712474,0.18595258
42101000102,94974,4,0.341304348,0.078283945,0.121185316,4,4,3.6,88.5,83,0.029490897,0.05163073,0.022139842,8.33606245,7.564902928,-0.771159522,0.089410642,0.114379466
42101021600,95200,4,0.111690569,0.234769688,0.219415552,4.3,5.1,9.9,69.2,33,0.075764904,0.097134245,0.021369332,5.621433125,6.241751416,0.620318289,0.315540256,0.339848623
42101000300,95234,4,0.081977472,0.439466484,0.382010944,19.4,8.8,5.9,60.3,48,0.027866694,0.054608615,0.026741917,5.645791433,7.746884466,2.101093034,0.057225828,0.085816554
42101002702,95745,4,0.08810241,0.290190337,0.168081991,2.1,6.9,7.9,76.8,83,0.033563123,0.028614546,-0.004948572,8.716951751,10.27019672,1.553244967,0.060664369,0.056434374
42101022000,97321,4,0.020423601,0.27560241,0.284638554,7.9,8.9,7.7,75.2,41,0.067991322,0.111195597,0.043204264,4.575025003,3.640033515,-0.934991483,0.476696534,0.533664054
42101000600,97794,4,0.098242812,0.388646288,0.496943231,21.2,12.5,7.1,64.4,83,0.007440784,0.017504444,0.010063668,7.613696807,7.693117228,0.079420419,0.010053794,0.021245684
42101002400,98015,4,0.120967742,0.366767984,0.288247214,8,6.2,6.7,77.8,83,0.020839488,0.035053296,0.014213808,9.715084675,10.49393192,0.778847248,0.043864395,0.058885351
42101000200,98994,4,0.182239894,0.370942201,0.131433096,49.5,5,5,40.5,47,0.013012481,0.011644193,-0.001368295,8.786781406,8.62951218,-0.157269225,0.024495374,0.023657827
42101034000,99181,4,0.070689655,0.209580838,0.108212147,10.9,12.7,16.1,68.3,62,0.05157193,0.078904208,0.027332228,7.453566473,6.461179634,-0.992386839,0.01351041,0.22473364
42101025600,99944,4,0.014589905,0.175390266,0.314049587,3,27.9,11.8,58.5,83,0.09004195,0.111678677,0.021636698,4.342933706,4.613869669,0.270935965,0.370613067,0.391299527
42101034702,100129,4,0.030265211,0.249814952,0.088823094,5.3,12.6,6.7,74.5,63,0.072018642,0.057189615,-0.014829025,5.074237169,7.116605966,2.042368798,0.169399733,0.144298743
42101021200,101020,4,0.091524075,0.350124688,0.252369077,1,9.2,7.1,82.1,70,0.059215465,0.073304784,0.014089315,5.951537858,6.435458399,0.483920544,0.205065195,0.215396364
42101037600,101268,4,0.256651525,0.29494382,0.297401685,21.8,17.7,8.5,52.9,62,0.014602752,0.0321451,0.017542351,8.70842467,6.83920337,-1.869221296,0.031482911,0.049803422
42101023600,101458,4,0.04801239,0.195396146,0.535867238,0,38.8,1.6,50.4,83,0.102152668,0.118982613,0.016829922,3.266482474,4.304517833,1.038035362,0.435642667,0.457358582
42101036400,102143,4,0.355582524,0.090539166,0.084435402,0.9,15.1,4.7,81.1,,0.055625907,0.0464229,-0.009203009,6.727134214,8.610385881,1.883251665,0.220864513,0.217548741
42101016100,102794,4,0.165463827,0.315834039,0.184377646,11.7,5.2,20.4,65.7,83,0.05064919,0.033206013,-0.017443184,8.337497261,9.181457385,0.843960123,0.065427545,0.049863076
42101002100,102969,4,0.167334223,0.251960272,0.110297961,11.9,36.8,1.6,44.8,78,0.046283289,0.037471196,-0.008812089,9.111464085,10.02970273,0.91823864,0.0586793,0.052719029
42101002000,103611,4,0.117015263,0.248730964,0.16751269,11.3,40.5,2.1,34.7,83,0.066099357,0.02356996,-0.042529395,9.164586523,10.09513408,0.930547555,0.0787557,0.038502779
42101011700,103750,4,0.290635091,0.284916201,0.202513966,12.3,36,2.4,46.7,83,0.08217528,0.076992568,-0.005182724,5.324675786,5.117033777,-0.207642008,0.273217643,0.268222398
42101020900,104435,4,0.103013315,0.41125362,0.250724038,4.8,12.7,8.6,76.7,81,0.056060253,0.081820319,0.025760058,6.735351,5.383328994,-1.352022005,0.185082649,0.208557867
42101035602,105024,4,0.008703481,0.205660377,0.140377358,28.6,7.4,8.9,59.8,57,0.06826341,0.051675495,-0.016587922,7.122619574,6.488101392,-0.634518183,0.130594884,0.154533805
42101001203,105320,4,0.068390805,0.409032258,0.443225806,10.2,1.8,12.2,85,83,0.048616593,0.06055463,0.011938048,6.307335901,8.06448957,1.757153674,0.101439719,0.118375611
42101034400,106059,4,0.043365253,0.199527931,0.133123525,13.7,6.1,8.5,74.2,58,0.078379131,0.072790867,-0.005588257,5.776956873,6.323221009,0.546264134,0.14522583,0.235686107
42101002300,106389,4,0.071608492,0.264477096,0.254105445,14.1,0.7,9.7,75.8,83,0.023810956,0.048117557,0.024306601,8.578749694,10.16275464,1.584004945,0.037988207,0.061453482
42101013601,107019,4,0.062431142,0.346153846,0.427530364,7.1,5.6,5.7,78.8,83,0.035284949,0.084903096,0.049618137,6.255628187,7.213671169,0.958042982,0.091153646,0.14500868
42101001102,107470,4,0.083572306,0.466789668,0.469095941,5.1,6.8,5.4,77.6,83,0.052404689,0.070907725,0.018503026,7.686320679,9.372986681,1.686666005,0.136382536,0.159248849
42101038700,107891,4,0.074398249,0.252548131,0.437712344,2.4,22.9,4.7,62,83,0.078172639,0.095231839,0.017059191,4.003764139,5.059643046,0.737765774,0.40540127,0.434789815
42101036303,108414,4,0.016949153,0.153929657,0.110942249,1.5,7.4,5.8,84.5,58,0.067771597,0.088750429,0.020978835,5.413218795,7.504043191,2.090824398,0.250797674,0.294368346
42101021500,109102,4,0.084648884,0.427736278,0.229295226,3.8,17.6,6,71.5,60,0.060701228,0.086232637,0.025531404,5.641920705,6.276515852,0.634595147,0.243448544,0.26736424
42101001500,110859,4,0.058027079,0.303228286,0.333589547,8.2,18.4,4.8,67.2,73,0.039182773,0.05839712,0.019214348,8.29791876,9.488508956,1.190590198,0.073657806,0.09564028
42101001302,112892,4,0.030251019,0.308859388,0.48279599,6.5,14.6,3.6,74.7,57,0.028312487,0.052447669,0.024135181,8.006781676,9.050286575,1.043504899,0.053581211,0.07620465
42101037300,113974,4,0.059758667,0.245494398,0.173161227,3.8,15,10.6,80.8,48,0.034750007,0.097923035,0.063173031,6.078981542,8.241435659,2.162454117,0.184239597,0.245949675
42101001800,114063,4,0.054358974,0.333192389,0.403382664,5.6,11.1,3.9,75.6,71,0.029689025,0.057420583,0.027731557,8.485852732,9.54416457,1.058311836,0.053139217,0.082933559
42101038400,114265,4,0.039387309,0.280314961,0.176902887,5.3,2.4,0.7,88.9,54,0.105622715,0.105710583,8.78636E-05,6.406409809,3.430336407,-1.40454037,0.471536381,0.521460102
42101013602,116375,4,0.064817215,0.442948914,0.390333435,6.1,6.6,6.5,76.8,83,0.045310815,0.087452512,0.042141697,6.718011914,7.310085328,0.592073413,0.083517196,0.129499766
42101001201,116935,4,0.089524319,0.354715783,0.517307082,4,4.6,4.5,81.4,83,0.054856867,0.100153116,0.045296232,6.004067084,6.901594395,0.897527314,0.125822475,0.178275217
42101000101,117250,4,0.203552398,0.084982014,0.052832734,5.2,1.6,12.7,85.5,83,0.023695791,0.043991991,0.020296192,8.166348466,7.382745029,-0.78360344,0.076082031,0.100757146
42101014300,118239,4,0.124006359,0.41587479,0.256567915,6.5,7.4,4.6,83.8,83,0.012190956,0.020192623,0.008001653,6.962543373,7.385595823,0.423052452,0.023434686,0.028497277
42101023500,118750,4,0.082864039,0.273797841,0.332679097,0.5,30,2.5,60.6,80,0.089933339,0.111671173,0.021737805,1.668035562,3.823810317,2.155774751,0.499061607,0.525659225
42101020701,118915,4,0.172239915,0.458271458,0.303237303,2.9,7.8,3.2,77.7,80,0.051523861,0.087615799,0.036091918,5.600250172,5.649210752,0.048960583,0.182593429,0.21776537
42101015800,123431,4,0.081729346,0.334970186,0.263591722,3.1,3.1,15.3,81.6,83,0.033651585,0.057977947,0.024326355,7.532856796,8.016295697,0.483438901,0.076554209,0.099386535
42101001001,123935,4,0.063203778,0.421763304,0.455123114,2.6,1,3.2,92.6,57,0.04346679,0.080633288,0.037166495,6.044751874,7.828586819,1.783834943,0.207980992,0.25203655
42101038600,125625,4,0.005076142,0.34345351,0.498102467,5.7,13.5,1.7,76.3,74,0.080350789,0.101136766,0.020785955,4.048900208,4.378419411,0.374655274,0.548452219,0.59228399
42101013401,126333,4,0.101669196,0.326364692,0.415021293,1.9,9.1,2.3,86.1,59,0.052775505,0.083340283,0.030564764,5.774036448,7.611219527,1.837183075,0.123963785,0.159372659
42101000801,126726,4,0.079973562,0.435237329,0.485116653,9.3,1.9,3.6,75,83,0.031484675,0.075945742,0.044461101,5.543487524,6.12031763,0.576830107,0.066282064,0.109336518
42101014201,126809,4,0.03472631,0.418281654,0.288436693,5.4,5.7,9.1,80.6,74,0.036277661,0.063016916,0.026739254,8.315024401,7.408857837,-0.906166564,0.076976612,0.107295187
42101014202,127774,4,0.024686011,0.39047619,0.357619048,5.7,6.1,9.4,78.1,26,0.014039742,0.027332847,0.013293118,8.297381435,6.724211299,-1.573170134,0.024828963,0.039038114
42101014400,131027,4,0.202677313,0.417207792,0.208603896,11.4,4.7,24.6,61.7,40,0.038631541,0.040918337,0.0022868,7.982380946,8.546544364,0.56416342,0.063169294,0.066381103
42101001700,131635,4,0.040910708,0.34007919,0.465024197,3.4,5.2,3,70.4,83,0.051428921,0.077091155,0.025662227,6.80161157,8.641322932,1.839711365,0.134851553,0.165390511
42101001301,132344,4,0.031141869,0.452984464,0.393295176,7.5,33.4,5,46.1,83,0.02552747,0.038610138,0.013082669,9.650898753,9.441683519,-0.209215235,0.035701072,0.053097258
42101001900,138500,4,0.134480904,0.373603141,0.377227424,13.7,23.5,4.6,57.2,43,0.032092035,0.046596094,0.014504058,9.466456161,10.63774106,1.171284901,0.045839108,0.061742296
42101013500,143636,4,0.070946857,0.392926045,0.295176849,3.4,14.5,5,81,83,0.050409361,0.072509167,0.022099802,7.57735533,8.496167229,0.918811902,0.085054289,0.108026661
42101001002,144922,4,0.0275681,0.378651685,0.465917603,11.2,0.9,1.6,86.3,58,0.059465387,0.082096186,0.022630768,6.156708193,7.528458528,1.371750335,0.197080556,0.230150328
42101001600,146071,4,0.078448276,0.453326457,0.393501805,4.9,4.5,2.8,88.3,83,0.039500318,0.04579594,0.006295623,7.5522738,9.615055309,2.062781508,0.082881886,0.090891673
42101036600,156061,4,0.041131105,0.442676906,0.309380143,13.5,5.4,12.4,76.2,24,0.015028796,0.022637097,0.0076083,6.277884541,7.119379436,0.841494898,0.030726333,0.037754076
42101020702,158750,4,0.060314685,0.317718941,0.548879837,4.8,12.6,7.2,72,51,0.055919467,0.100002127,0.04408265,6.060948364,4.740254552,-1.320693813,0.286511962,0.331959315
42101038500,164167,4,0.064726841,0.298927614,0.446380697,3.9,17.6,3.8,72.3,83,0.076664793,0.103893383,0.027228572,4.834876783,5.355739839,1.306839632,0.461626067,0.468956738
42101023100,170625,4,0.043918919,0.310825295,0.446945338,2.8,0.9,4.4,90.1,83,0.09355224,0.114986745,0.021434498,4.852054976,3.488840651,-1.363214325,0.442225448,0.470303786
42101036700,172610,4,0.06169397,0.473947478,0.30929554,8.6,6.5,5,76.8,29,0.026722486,0.032030203,0.005307716,10.2221216,8.777946996,-1.444174606,0.051239953,0.05483259
42101000806,180504,4,0.128897161,0.378779841,0.505570292,12,2.8,4.7,80.3,48,0.001537084,0.002219431,0.000682346,6.592295472,7.263717147,0.671421677,0.002158618,0.002776089
42101000403,181066,4,0.024516129,0.461744966,0.406711409,8.6,2.8,6.5,83.9,26,0.019158325,0.006414504,-0.012743821,6.057894602,6.41980073,0.361906129,0.023901357,0.010306562
42101039100,,4,0.55754631,0.059031282,0.008577195,,,,,73,0.039416748,0.075868232,0.036451471,5.256781755,3.637297874,0.136892182,0.168306284,0.19465193
